INSERT INTO musteriler(tckn,ad,soyad,tel,il,ilce) VALUES
('11111111111','deniz','caglar','5054443321','ordu','altinordu'),
('11111111112','altug','yildiz','5054443322','istanbul','sisli'),
('11111111113','yuksel','koc','5054443323','ankara','kizilay'),
('11111111114','ahmet','gumus','5054443324','nigde','yenikoy'),
('11111111115','mehmet','manav','5054443325','bursa','kamber'),
('11111111116','murat','anka','5054443326','eskisehir','saka'),
('11111111117','muhammed','pars','5054443327','ankara','guner'),
('11111111118','berk','turk','5054443328','eskisehir','ayar'),
('11111111119','mustafa','oz','5054443329','trabzon','of'),
('11111111110','kadir','bas','5054443320','samsun','terme');


INSERT INTO urunler (urunid,tur) VALUES
(10,'domates'),
(20,'patates'),
(30,'biber'),
(40,'findik'),
(50,'ceviz'),
(60,'elma'),
(70,'muz'),
(80,'seftali'),
(90,'karpuz'),
(100,'kavun'),
(110,'cilek');


insert into uyeler values('34564535345','AHMET','TEKİN','5369564238','EDREMİT','BALIKESİR');
insert into uyeler values('87457656453','MEHMET','YILMAZ','5357946456','GÖNEN','BALIKESİR');
insert into uyeler values('65466435647','FERİT','KOCAOĞLU','5055784550','TOSYA','KASTAMONU');
insert into uyeler values('85453453453','CENK','TOSUN','5322145622','MANAVGAT','ANTALYA');
insert into uyeler values('78576343553','AYLA','TEKİNDOR','5464856936','ILGIN','KONYA');
insert into uyeler values('12345678901','HATİCE','ELMAS','5337854123','ÖDEMİŞ','İZMİR');
insert into uyeler values('98765432101','TURHAN','GÜNDÜZ','5454785632','MUDURNU','BOLU');
insert into uyeler values('76658678453','EDA','TOPÇU','5061452378','KAŞ','ANTALYA');
insert into uyeler values('25367567453','FATİH','GÖRMEZ','5434536454','KARASU','SAKARYA');
insert into uyeler values('34547568445','MERT','FIRAT','5077463219','ÇARŞAMBA','SAMSUN');

INSERT INTO uretim(ureticiTckn,urunId,miktar,birimFiyat) VALUES
('34564535345',30,1000,2.4),
('34564535345',20,1000,7.4),
('34564535345',80,400,3.2),
('78576343553',30,200,5.2),
('78576343553',40,1500,9.1),
('78576343553',50,300,1.9),
('65466435647',100,300,4),
('65466435647',20,10000,5),
('65466435647',80,1000,2.7),
('87457656453',100,200,6.1),
('87457656453',90,300,5.4),
('85453453453',50,5000,2.7),
('85453453453',70,3000,2),
('12345678901',30,800,4.1),
('12345678901',50,300,3.2),
('76658678453',70,9000,5.7),
('76658678453',40,3000,3.7),
('98765432101',90,300,8.2),
('98765432101',60,400,3),
('25367567453',40,500,3),
('25367567453',110,700,3.2);



INSERT INTO satis(uyeTckn,musteriTckn,urunId,birimFiyat,miktar,satisTarihi) VALUES
('34564535345','11111111111',10,3,500,'2020-12-13'),
('34564535345','11111111117',90,5,200,'2020-11-01'),
('87457656453','11111111111',20,5,400,'2020-12-17'),
('87457656453','11111111113',40,4,200,'2020-11-12'),
('25367567453','11111111118',80,5,500,'2020-12-23'),
('25367567453','11111111119',80,4,300,'2020-12-12'),
('65466435647','11111111115',60,2,600,'2020-11-03'),
('65466435647','11111111110',20,2,400,'2020-11-05'),
('98765432101','11111111112',70,3,500,'2020-12-25'),
('98765432101','11111111116',90,3,600,'2020-12-12'),
('12345678901','11111111112',30,2.5,250,'2020-12-14'),
('12345678901','11111111114',50,4,500,'2020-12-01'),
('85453453453','11111111117',80,5,1000,'2020-12-11'),
('85453453453','11111111114',50,1,300,'2020-12-09'),
('78576343553','11111111112',40,3.5,350,'2020-12-14'),
('78576343553','11111111113',50,5,550,'2020-12-09'),
('76658678453','11111111112',70,3,750,'2020-12-03'),
('76658678453','11111111118',40,4,850,'2020-12-07'),
('76658678453','11111111112',70,3,750,'2020-12-03');
